{
  "validation": {
    "accuracy": 0.9856459330143541,
    "precision": 0.9716981132075472,
    "recall": 0.9196428571428571,
    "f1": 0.944954128440367,
    "roc_auc": 0.9919470205209155,
    "confusion_matrix": [
      [
        721,
        3
      ],
      [
        9,
        103
      ]
    ]
  },
  "test": {
    "accuracy": 0.986857825567503,
    "precision": 0.954954954954955,
    "recall": 0.9464285714285714,
    "f1": 0.9506726457399103,
    "roc_auc": 0.9932635467980295,
    "confusion_matrix": [
      [
        720,
        5
      ],
      [
        6,
        106
      ]
    ]
  }
}